id;attr_name;attr_value;remark
1;Rubber Checking Account West Virginia;local SQL black;functionalities architect Unbranded Wooden Towels
2;override District;Plastic;markets
3;Frozen Devolved navigating;Personal Loan Account;Product Reactive methodologies
4;web services;parsing;invoice
5;migration Colorado Cambridgeshire;index;Accountability Cambridgeshire bandwidth
6;Bedfordshire;Engineer bluetooth moderator;bandwidth
7;French Southern Territories Checking Account black;silver Paradigm drive;platforms
8;Tajikistan Buckinghamshire;compress feed Executive;Avon JSON back-end
9;programming Credit Card Account;Handmade;Personal Loan Account
10;Self-enabling;cross-platform Belize Dollar;circuit
